Block,Trial,Animal,FoodOption1,FoodOption2,FoodOption1Outcome,FoodOption2Outcome,FoodOption1Probability,PercUnc_label,Condition,Identity,TrialType
1,1,Rhino,Carrot,Grass,0,1,0.2,clear,nonsocial,1,task
1,2,Rhino,Carrot,Grass,0,1,0.2,clear,nonsocial,1,task
1,3,Rhino,Carrot,Grass,0,1,0.2,clear,nonsocial,1,task
1,4,Rhino,Carrot,Grass,1,0,0.2,clear,nonsocial,1,task
1,5,Rhino,Carrot,Grass,0,1,0.2,clear,nonsocial,1,task
1,6,Rhino,Carrot,Grass,0,1,0.2,ambiguous,nonsocial,1,task
1,7,Rhino,Carrot,Grass,0,1,0.2,ambiguous,nonsocial,1,task
1,8,Rhino,Carrot,Grass,0,1,0.2,ambiguous,nonsocial,1,task
1,9,Rhino,Carrot,Grass,0,1,0.2,ambiguous,nonsocial,1,task
1,10,Rhino,Carrot,Grass,0,1,0.2,ambiguous,nonsocial,1,task
1,11,Rhino,Carrot,Grass,1,0,0.2,ambiguous,nonsocial,1,task
1,12,Rhino,Carrot,Grass,0,1,0.2,clear,nonsocial,1,task
1,13,Rhino,Carrot,Grass,0,1,0.2,clear,nonsocial,1,task
1,14,Rhino,Carrot,Grass,0,1,0.2,clear,nonsocial,1,task
1,15,Rhino,Carrot,Grass,0,1,0.2,clear,nonsocial,1,task
1,16,Rhino,Carrot,Grass,1,0,0.2,clear,nonsocial,1,task
1,17,Rhino,Carrot,Grass,0,1,0.2,clear,nonsocial,1,task
1,18,Rhino,Carrot,Grass,0,1,0.2,ambiguous,nonsocial,1,task
1,19,Rhino,Carrot,Grass,1,0,0.2,ambiguous,nonsocial,1,task
1,20,Rhino,Carrot,Grass,0,1,0.2,ambiguous,nonsocial,1,task
1,21,Rhino,Carrot,Grass,1,0,0.8,ambiguous,nonsocial,1,task
1,22,Rhino,Carrot,Grass,1,0,0.8,ambiguous,nonsocial,1,task
1,23,Rhino,Carrot,Grass,1,0,0.8,clear,nonsocial,1,task
1,24,Rhino,Carrot,Grass,1,0,0.8,clear,nonsocial,1,task
1,25,Rhino,Carrot,Grass,1,0,0.8,clear,nonsocial,1,task
1,26,Rhino,Carrot,Grass,0,1,0.8,clear,nonsocial,1,task
1,27,Rhino,Carrot,Grass,1,0,0.8,ambiguous,nonsocial,1,task
1,28,Rhino,Carrot,Grass,1,0,0.8,ambiguous,nonsocial,1,task
1,29,Rhino,Carrot,Grass,0,1,0.8,ambiguous,nonsocial,1,task
1,30,Rhino,Carrot,Grass,1,0,0.8,ambiguous,nonsocial,1,task
1,31,Rhino,Carrot,Grass,1,0,0.8,ambiguous,nonsocial,1,task
1,32,Rhino,Carrot,Grass,1,0,0.8,ambiguous,nonsocial,1,task
1,33,Rhino,Carrot,Grass,1,0,0.8,clear,nonsocial,1,task
1,34,Rhino,Carrot,Grass,0,1,0.8,clear,nonsocial,1,task
1,35,Rhino,Carrot,Grass,1,0,0.8,clear,nonsocial,1,task
1,36,Rhino,Carrot,Grass,1,0,0.8,clear,nonsocial,1,task
1,37,Rhino,Carrot,Grass,1,0,0.8,clear,nonsocial,1,task
1,38,Rhino,Carrot,Grass,0,1,0.8,clear,nonsocial,1,task
1,39,Rhino,Carrot,Grass,1,0,0.8,ambiguous,nonsocial,1,task
1,40,Rhino,Carrot,Grass,1,0,0.8,ambiguous,nonsocial,1,task
1,41,Rhino,Carrot,Grass,1,0,0.8,ambiguous,nonsocial,1,task
1,42,Rhino,Carrot,Grass,1,0,0.8,ambiguous,nonsocial,1,task
2,43,Bear,Fish,Apple,0,1,0.2,clear,social,11,task
2,44,Bear,Fish,Apple,0,1,0.2,clear,social,63,task
2,45,Bear,Fish,Apple,1,0,0.2,clear,social,39,task
2,46,Bear,Fish,Apple,0,1,0.2,clear,social,42,task
2,47,Bear,Fish,Apple,0,1,0.2,clear,social,44,task
2,48,Bear,Fish,Apple,1,0,0.2,clear,social,43,task
2,49,Bear,Fish,Apple,0,1,0.2,ambiguous,social,64,task
2,50,Bear,Fish,Apple,0,1,0.2,ambiguous,social,40,task
2,51,Bear,Fish,Apple,0,1,0.2,ambiguous,social,65,task
2,52,Bear,Fish,Apple,0,1,0.2,ambiguous,social,42,task
2,53,Bear,Fish,Apple,0,1,0.2,ambiguous,social,63,task
2,54,Bear,Fish,Apple,1,0,0.2,ambiguous,social,43,task
2,55,Bear,Fish,Apple,0,1,0.2,clear,social,11,task
2,56,Bear,Fish,Apple,0,1,0.2,clear,social,64,task
2,57,Bear,Fish,Apple,0,1,0.2,clear,social,40,task
2,58,Bear,Fish,Apple,0,1,0.2,clear,social,39,task
2,59,Bear,Fish,Apple,0,1,0.2,ambiguous,social,44,task
2,60,Bear,Fish,Apple,1,0,0.2,ambiguous,social,65,task
2,61,Bear,Fish,Apple,0,1,0.2,ambiguous,social,63,task
2,62,Bear,Fish,Apple,0,1,0.2,ambiguous,social,42,task
2,63,Bear,Fish,Apple,0,1,0.2,ambiguous,social,44,task
2,64,Bear,Fish,Apple,0,1,0.2,ambiguous,social,40,task
2,65,Bear,Fish,Apple,1,0,0.8,clear,social,43,task
2,66,Bear,Fish,Apple,1,0,0.8,clear,social,39,task
2,67,Bear,Fish,Apple,1,0,0.8,clear,social,64,task
2,68,Bear,Fish,Apple,1,0,0.8,clear,social,65,task
2,69,Bear,Fish,Apple,1,0,0.8,clear,social,11,task
2,70,Bear,Fish,Apple,0,1,0.8,clear,social,44,task
2,71,Bear,Fish,Apple,1,0,0.8,clear,social,64,task
2,72,Bear,Fish,Apple,1,0,0.8,ambiguous,social,42,task
2,73,Bear,Fish,Apple,0,1,0.8,ambiguous,social,39,task
2,74,Bear,Fish,Apple,1,0,0.8,ambiguous,social,43,task
2,75,Bear,Fish,Apple,1,0,0.8,ambiguous,social,11,task
2,76,Bear,Fish,Apple,1,0,0.8,clear,social,65,task
2,77,Bear,Fish,Apple,0,1,0.8,clear,social,63,task
2,78,Bear,Fish,Apple,1,0,0.8,clear,social,40,task
2,79,Bear,Fish,Apple,1,0,0.8,clear,social,43,task
2,80,Bear,Fish,Apple,1,0,0.8,ambiguous,social,11,task
2,81,Bear,Fish,Apple,1,0,0.8,ambiguous,social,42,task
2,82,Bear,Fish,Apple,1,0,0.8,ambiguous,social,39,task
2,83,Bear,Fish,Apple,0,1,0.8,ambiguous,social,44,task
2,84,Bear,Fish,Apple,1,0,0.8,ambiguous,social,40,task